Study,Time,DV,Arm,Dose,DV_CHR,Type_DV,Type_VAR,VAR,LVAR,UVAR,Route,Drug,Dose_freq,Unit_time,Unit_DV,Unit_dose,Source,Figure,Legend
,0.3,85.23227869,,,,,,,,,,,,weeks,%,mg,,,
,0.4,111.9380951,,,,,,,,,,,,,,,,,
,0.4,85.23227869,,,,,,,,,,,,,,,,,
,0.4,74.65316299,,,,,,,,,,,,,,,,,
,0.5,110.6479591,,,,,,,,,,,,,,,,,
,0.5,84.32918345,,,,,,,,,,,,,,,,,
,0.5,74.65316299,,,,,,,,,,,,,,,,,
,0.6,123.0332653,,,,,,,,,,,,,,,,,
,0.6,110.6479591,,,,,,,,,,,,,,,,,
,0.6,84.07115624,,,,,,,,,,,,,,,,,
,0.6,74.65316299,,,,,,,,,,,,,,,,,
,0.7,123.0332653,,,,,,,,,,,,,,,,,
,0.7,110.3899319,,,,,,,,,,,,,,,,,
,0.7,85.61931951,,,,,,,,,,,,,,,,,
,0.7,73.87908136,,,,,,,,,,,,,,,,,
,0.7,66.13826499,,,,,,,,,,,,,,,,,
,0.8,120.3239795,,,,,,,,,,,,,,,,,
,0.8,111.4220407,,,,,,,,,,,,,,,,,
,0.8,102.9071427,,,,,,,,,,,,,,,,,
,0.8,85.3612923,,,,,,,,,,,,,,,,,
,0.8,73.75006775,,,,,,,,,,,,,,,,,
,0.8,65.23516975,,,,,,,,,,,,,,,,,
,0.8,58.52646223,,,,,,,,,,,,,,,,,
,0.9,119.5498979,,,,,,,,,,,,,,,,,
,0.9,111.4220407,,,,,,,,,,,,,,,,,
,0.9,99.93982978,,,,,,,,,,,,,,,,,
,0.9,92.71506784,,,,,,,,,,,,,,,,,
,0.9,84.58721066,,,,,,,,,,,,,,,,,
,0.9,72.5889453,,,,,,,,,,,,,,,,,
,0.9,64.97714254,,,,,,,,,,,,,,,,,
,0.9,54.91408126,,,,,,,,,,,,,,,,,
,0.9,46.52819687,,,,,,,,,,,,,,,,,
,0.9,40.33554378,,,,,,,,,,,,,,,,,
,1,116.4535714,,,,,,,,,,,,,,,,,
,1,110.3899319,,,,,,,,,,,,,,,,,
,1,99.42377536,,,,,,,,,,,,,,,,,
,1,90.77986375,,,,,,,,,,,,,,,,,
,1,77.62047593,,,,,,,,,,,,,,,,,
,1,69.36360514,,,,,,,,,,,,,,,,,
,1,57.10731257,,,,,,,,,,,,,,,,,
,1,48.07636014,,,,,,,,,,,,,,,,,
,1,39.69047575,,,,,,,,,,,,,,,,,
,1.1,110.1319047,,,,,,,,,,,,,,,,,
,1.1,103.6812244,,,,,,,,,,,,,,,,,
,1.1,91.55394539,,,,,,,,,,,,,,,,,
,1.1,76.20132627,,,,,,,,,,,,,,,,,
,1.1,69.36360514,,,,,,,,,,,,,,,,,
,1.1,61.10673435,,,,,,,,,,,,,,,,,
,1.1,49.62452341,,,,,,,,,,,,,,,,,
,1.1,41.10962541,,,,,,,,,,,,,,,,,
,1.1,36.20710838,,,,,,,,,,,,,,,,,
,1.2,110.1319047,,,,,,,,,,,,,,,,,
,1.2,100.842925,,,,,,,,,,,,,,,,,
,1.2,94.39224472,,,,,,,,,,,,,,,,,
,1.2,84.58721066,,,,,,,,,,,,,,,,,
,1.2,74.7821766,,,,,,,,,,,,,,,,,
,1.2,66.52530581,,,,,,,,,,,,,,,,,
,1.2,58.26843502,,,,,,,,,,,,,,,,,
,1.2,46.39918326,,,,,,,,,,,,,,,,,
,1.2,37.49724444,,,,,,,,,,,,,,,,,
,1.2,29.49840086,,,,,,,,,,,,,,,,,
,1.3,103.4231971,,,,,,,,,,,,,,,,,
,1.3,95.81139439,,,,,,,,,,,,,,,,,
,1.3,90.26380933,,,,,,,,,,,,,,,,,
,1.3,81.61989772,,,,,,,,,,,,,,,,,
,1.3,63.94503369,,,,,,,,,,,,,,,,,
,1.3,51.81775472,,,,,,,,,,,,,,,,,
,1.3,44.85101999,,,,,,,,,,,,,,,,,
,1.3,34.01387708,,,,,,,,,,,,,,,,,
,1.3,26.53108793,,,,,,,,,,,,,,,,,
,1.4,102.3910883,,,,,,,,,,,,,,,,,
,1.4,93.10210866,,,,,,,,,,,,,,,,,
,1.4,84.84523787,,,,,,,,,,,,,,,,,
,1.4,75.94329905,,,,,,,,,,,,,,,,,
,1.4,56.20421732,,,,,,,,,,,,,,,,,
,1.4,45.1090472,,,,,,,,,,,,,,,,,
,1.4,33.36880905,,,,,,,,,,,,,,,,,
,1.4,24.59588383,,,,,,,,,,,,,,,,,
,1.5,96.19843521,,,,,,,,,,,,,,,,,
,1.5,86.65142836,,,,,,,,,,,,,,,,,
,1.5,76.8463943,,,,,,,,,,,,,,,,,
,1.5,50.65663226,,,,,,,,,,,,,,,,,
,1.5,44.59299278,,,,,,,,,,,,,,,,,
,1.5,32.85275462,,,,,,,,,,,,,,,,,
,1.5,24.59588383,,,,,,,,,,,,,,,,,
,1.6,90.52183654,,,,,,,,,,,,,,,,,
,1.6,77.62047593,,,,,,,,,,,,,,,,,
,1.6,68.71853711,,,,,,,,,,,,,,,,,
,1.6,53.6239452,,,,,,,,,,,,,,,,,
,1.6,41.75469344,,,,,,,,,,,,,,,,,
,1.6,33.36880905,,,,,,,,,,,,,,,,,
,1.6,21.62857089,,,,,,,,,,,,,,,,,
,1.7,88.84465966,,,,,,,,,,,,,,,,,
,1.7,74.7821766,,,,,,,,,,,,,,,,,
,1.7,66.2672786,,,,,,,,,,,,,,,,,
,1.7,41.75469344,,,,,,,,,,,,,,,,,
,1.7,32.3367002,,,,,,,,,,,,,,,,,
,1.7,19.6933668,,,,,,,,,,,,,,,,,
,1.8,88.71564605,,,,,,,,,,,,,,,,,
,1.8,72.45993169,,,,,,,,,,,,,,,,,
,1.8,65.23516975,,,,,,,,,,,,,,,,,
,1.8,34.14289068,,,,,,,,,,,,,,,,,
,1.8,18.14520353,,,,,,,,,,,,,,,,,
,1.9,86.39340115,,,,,,,,,,,,,,,,,
,1.9,67.04136023,,,,,,,,,,,,,,,,,
,1.9,32.4657138,,,,,,,,,,,,,,,,,
,1.9,18.14520353,,,,,,,,,,,,,,,,,
,2,83.55510181,,,,,,,,,,,,,,,,,
,2,65.23516975,,,,,,,,,,,,,,,,,
,2,30.1434689,,,,,,,,,,,,,,,,,
,2,16.20999944,,,,,,,,,,,,,,,,,
,2.1,82.26496575,,,,,,,,,,,,,,,,,
,2.1,62.26785681,,,,,,,,,,,,,,,,,
,2.1,28.85333283,,,,,,,,,,,,,,,,,
,2.1,15.69394501,,,,,,,,,,,,,,,,,
,2.2,80.58778887,,,,,,,,,,,,,,,,,
,2.2,58.39744863,,,,,,,,,,,,,,,,,
,2.2,26.91812874,,,,,,,,,,,,,,,,,
,2.2,14.40380895,,,,,,,,,,,,,,,,,
,2.3,76.9754079,,,,,,,,,,,,,,,,,
,2.3,58.39744863,,,,,,,,,,,,,,,,,
,2.3,25.36996547,,,,,,,,,,,,,,,,,
,2.3,13.37170011,,,,,,,,,,,,,,,,,
,2.4,75.04020381,,,,,,,,,,,,,,,,,
,2.4,56.59125814,,,,,,,,,,,,,,,,,
,2.4,24.46687023,,,,,,,,,,,,,,,,,
,2.4,13.11367289,,,,,,,,,,,,,,,,,
,2.5,75.04020381,,,,,,,,,,,,,,,,,
,2.5,55.43013569,,,,,,,,,,,,,,,,,
,2.5,24.46687023,,,,,,,,,,,,,,,,,
,2.5,12.72663207,,,,,,,,,,,,,,,,,
,2.6,75.04020381,,,,,,,,,,,,,,,,,
,2.6,53.75295881,,,,,,,,,,,,,,,,,
,2.6,23.30574777,,,,,,,,,,,,,,,,,
,2.6,12.72663207,,,,,,,,,,,,,,,,,
,2.7,71.68585005,,,,,,,,,,,,,,,,,
,2.7,53.75295881,,,,,,,,,,,,,,,,,
,2.7,22.27363892,,,,,,,,,,,,,,,,,
,2.7,12.33959126,,,,,,,,,,,,,,,,,
,2.8,71.55683645,,,,,,,,,,,,,,,,,
,2.8,52.33380914,,,,,,,,,,,,,,,,,
,2.8,21.7575845,,,,,,,,,,,,,,,,,
,2.9,71.55683645,,,,,,,,,,,,,,,,,
,2.9,51.5597275,,,,,,,,,,,,,,,,,
,2.9,21.7575845,,,,,,,,,,,,,,,,,
,3,68.71853711,,,,,,,,,,,,,,,,,
,3,51.5597275,,,,,,,,,,,,,,,,,
,3,21.11251647,,,,,,,,,,,,,,,,,
,3.1,68.33149629,,,,,,,,,,,,,,,,,
,3.1,50.39860505,,,,,,,,,,,,,,,,,
,3.1,20.46744844,,,,,,,,,,,,,,,,,
,3.2,68.07346908,,,,,,,,,,,,,,,,,
,3.2,49.49550981,,,,,,,,,,,,,,,,,
,3.2,20.46744844,,,,,,,,,,,,,,,,,
,3.3,68.07346908,,,,,,,,,,,,,,,,,
,3.3,48.72142817,,,,,,,,,,,,,,,,,
,3.3,19.82238041,,,,,,,,,,,,,,,,,
,3.4,65.49319696,,,,,,,,,,,,,,,,,
,3.4,48.72142817,,,,,,,,,,,,,,,,,
,3.4,19.43533959,,,,,,,,,,,,,,,,,
,3.4,10.66241438,,,,,,,,,,,,,,,,,
,3.5,65.36418335,,,,,,,,,,,,,,,,,
,3.5,48.07636014,,,,,,,,,,,,,,,,,
,3.5,19.43533959,,,,,,,,,,,,,,,,,
,3.5,10.53340077,,,,,,,,,,,,,,,,,
,3.6,65.36418335,,,,,,,,,,,,,,,,,
,3.6,47.81833293,,,,,,,,,,,,,,,,,
,3.6,19.43533959,,,,,,,,,,,,,,,,,
,3.6,10.53340077,,,,,,,,,,,,,,,,,
,3.7,65.10615614,,,,,,,,,,,,,,,,,
,3.7,47.68931932,,,,,,,,,,,,,,,,,
,3.7,19.17731238,,,,,,,,,,,,,,,,,
,3.7,10.53340077,,,,,,,,,,,,,,,,,
,3.8,64.59010172,,,,,,,,,,,,,,,,,
,3.8,47.56030572,,,,,,,,,,,,,,,,,
,3.8,19.04829877,,,,,,,,,,,,,,,,,
,3.8,10.27537356,,,,,,,,,,,,,,,,,
,3.9,47.3022785,,,,,,,,,,,,,,,,,
,3.9,19.04829877,,,,,,,,,,,,,,,,,
,3.9,10.27537356,,,,,,,,,,,,,,,,,
,4,47.1732649,,,,,,,,,,,,,,,,,
,4,18.91928517,,,,,,,,,,,,,,,,,
,4,10.27537356,,,,,,,,,,,,,,,,,
,4.1,47.1732649,,,,,,,,,,,,,,,,,
,4.1,18.79027156,,,,,,,,,,,,,,,,,
,4.1,10.27537356,,,,,,,,,,,,,,,,,
,4.2,47.04425129,,,,,,,,,,,,,,,,,
,4.2,18.66125795,,,,,,,,,,,,,,,,,
,4.3,47.04425129,,,,,,,,,,,,,,,,,
,4.3,18.66125795,,,,,,,,,,,,,,,,,
,4.4,47.04425129,,,,,,,,,,,,,,,,,
,4.4,18.66125795,,,,,,,,,,,,,,,,,
,4.5,46.78622408,,,,,,,,,,,,,,,,,
,4.5,18.66125795,,,,,,,,,,,,,,,,,
,4.6,63.29996566,,,,,,,,,,,,,,,,,
,4.6,46.78622408,,,,,,,,,,,,,,,,,
,4.6,18.66125795,,,,,,,,,,,,,,,,,
,4.7,63.29996566,,,,,,,,,,,,,,,,,
,4.7,46.78622408,,,,,,,,,,,,,,,,,
,4.7,18.66125795,,,,,,,,,,,,,,,,,
,4.8,63.29996566,,,,,,,,,,,,,,,,,
,4.8,46.78622408,,,,,,,,,,,,,,,,,
,4.8,18.66125795,,,,,,,,,,,,,,,,,
,4.9,63.29996566,,,,,,,,,,,,,,,,,
,4.9,46.91523769,,,,,,,,,,,,,,,,,
,4.9,18.66125795,,,,,,,,,,,,,,,,,
,5,63.29996566,,,,,,,,,,,,,,,,,
,5,47.04425129,,,,,,,,,,,,,,,,,
,5,18.66125795,,,,,,,,,,,,,,,,,
,5.1,63.55799287,,,,,,,,,,,,,,,,,
,5.1,47.04425129,,,,,,,,,,,,,,,,,
,5.1,18.66125795,,,,,,,,,,,,,,,,,
,5.1,10.40438717,,,,,,,,,,,,,,,,,
,5.2,63.55799287,,,,,,,,,,,,,,,,,
,5.2,47.04425129,,,,,,,,,,,,,,,,,
,5.2,18.79027156,,,,,,,,,,,,,,,,,
,5.2,10.27537356,,,,,,,,,,,,,,,,,
,5.3,47.3022785,,,,,,,,,,,,,,,,,
,5.3,18.79027156,,,,,,,,,,,,,,,,,
,5.3,10.27537356,,,,,,,,,,,,,,,,,
,5.4,47.43129211,,,,,,,,,,,,,,,,,
,5.4,18.91928517,,,,,,,,,,,,,,,,,
,5.4,10.27537356,,,,,,,,,,,,,,,,,
,5.5,47.43129211,,,,,,,,,,,,,,,,,
,5.5,18.91928517,,,,,,,,,,,,,,,,,
,5.5,10.27537356,,,,,,,,,,,,,,,,,
,5.6,47.81833293,,,,,,,,,,,,,,,,,
,5.6,19.04829877,,,,,,,,,,,,,,,,,
,5.6,10.27537356,,,,,,,,,,,,,,,,,
,5.7,47.94734653,,,,,,,,,,,,,,,,,
,5.7,19.04829877,,,,,,,,,,,,,,,,,
,5.7,10.27537356,,,,,,,,,,,,,,,,,
,5.8,47.94734653,,,,,,,,,,,,,,,,,
,5.8,19.04829877,,,,,,,,,,,,,,,,,
,5.8,10.40438717,,,,,,,,,,,,,,,,,
,5.9,48.20537375,,,,,,,,,,,,,,,,,
,5.9,19.30632598,,,,,,,,,,,,,,,,,
,6,48.72142817,,,,,,,,,,,,,,,,,
,6,19.30632598,,,,,,,,,,,,,,,,,
,6.1,65.23516975,,,,,,,,,,,,,,,,,
,6.1,48.97945538,,,,,,,,,,,,,,,,,
,6.1,19.30632598,,,,,,,,,,,,,,,,,
,6.2,65.36418335,,,,,,,,,,,,,,,,,
,6.2,48.97945538,,,,,,,,,,,,,,,,,
,6.2,19.5643532,,,,,,,,,,,,,,,,,
,6.3,65.62221057,,,,,,,,,,,,,,,,,
,6.3,49.3664962,,,,,,,,,,,,,,,,,
,6.3,19.5643532,,,,,,,,,,,,,,,,,
,6.4,65.62221057,,,,,,,,,,,,,,,,,
,6.4,49.62452341,,,,,,,,,,,,,,,,,
,6.4,19.6933668,,,,,,,,,,,,,,,,,
,6.5,65.88023778,,,,,,,,,,,,,,,,,
,6.5,49.62452341,,,,,,,,,,,,,,,,,
,6.5,19.6933668,,,,,,,,,,,,,,,,,
,6.6,66.00925139,,,,,,,,,,,,,,,,,
,6.6,50.01156423,,,,,,,,,,,,,,,,,
,6.6,19.95139402,,,,,,,,,,,,,,,,,
,6.7,66.00925139,,,,,,,,,,,,,,,,,
,6.7,50.39860505,,,,,,,,,,,,,,,,,
,6.7,19.95139402,,,,,,,,,,,,,,,,,
,6.8,50.39860505,,,,,,,,,,,,,,,,,
,6.8,19.95139402,,,,,,,,,,,,,,,,,
,6.9,50.91465947,,,,,,,,,,,,,,,,,
,6.9,20.33843483,,,,,,,,,,,,,,,,,
,6.9,11.1784688,,,,,,,,,,,,,,,,,
,7,51.4307139,,,,,,,,,,,,,,,,,
,7,20.33843483,,,,,,,,,,,,,,,,,
,7,11.0494552,,,,,,,,,,,,,,,,,
,7.1,52.07578193,,,,,,,,,,,,,,,,,
,7.1,20.46744844,,,,,,,,,,,,,,,,,
,7.1,11.0494552,,,,,,,,,,,,,,,,,
,7.2,67.94445548,,,,,,,,,,,,,,,,,
,7.2,52.07578193,,,,,,,,,,,,,,,,,
,7.2,20.72547565,,,,,,,,,,,,,,,,,
,7.2,11.1784688,,,,,,,,,,,,,,,,,
,7.3,68.07346908,,,,,,,,,,,,,,,,,
,7.3,52.33380914,,,,,,,,,,,,,,,,,
,7.3,20.85448926,,,,,,,,,,,,,,,,,
,7.3,11.1784688,,,,,,,,,,,,,,,,,
,7.4,68.07346908,,,,,,,,,,,,,,,,,
,7.4,52.72084996,,,,,,,,,,,,,,,,,
,7.4,20.85448926,,,,,,,,,,,,,,,,,
,7.4,11.1784688,,,,,,,,,,,,,,,,,
,7.5,68.33149629,,,,,,,,,,,,,,,,,
,7.5,52.72084996,,,,,,,,,,,,,,,,,
,7.5,21.24153008,,,,,,,,,,,,,,,,,
,7.5,11.43649601,,,,,,,,,,,,,,,,,
,7.6,68.71853711,,,,,,,,,,,,,,,,,
,7.6,53.4949316,,,,,,,,,,,,,,,,,
,7.6,21.49955729,,,,,,,,,,,,,,,,,
,7.6,11.56550962,,,,,,,,,,,,,,,,,
,7.7,54.01098602,,,,,,,,,,,,,,,,,
,7.7,21.49955729,,,,,,,,,,,,,,,,,
,7.7,11.56550962,,,,,,,,,,,,,,,,,
,7.8,54.26901323,,,,,,,,,,,,,,,,,
,7.8,21.7575845,,,,,,,,,,,,,,,,,
,7.8,11.56550962,,,,,,,,,,,,,,,,,
,7.9,54.65605405,,,,,,,,,,,,,,,,,
,7.9,22.01561171,,,,,,,,,,,,,,,,,
,8,55.17210847,,,,,,,,,,,,,,,,,
,8,22.14462532,,,,,,,,,,,,,,,,,
,8.1,55.8171765,,,,,,,,,,,,,,,,,
,8.1,22.14462532,,,,,,,,,,,,,,,,,
,8.2,71.16979563,,,,,,,,,,,,,,,,,
,8.2,55.8171765,,,,,,,,,,,,,,,,,
,8.2,22.53166614,,,,,,,,,,,,,,,,,
,8.3,71.29880923,,,,,,,,,,,,,,,,,
,8.3,56.84928535,,,,,,,,,,,,,,,,,
,8.3,22.66067974,,,,,,,,,,,,,,,,,
,8.4,71.29880923,,,,,,,,,,,,,,,,,
,8.4,57.23632617,,,,,,,,,,,,,,,,,
,8.4,22.66067974,,,,,,,,,,,,,,,,,
,8.5,71.68585005,,,,,,,,,,,,,,,,,
,8.5,57.23632617,,,,,,,,,,,,,,,,,
,8.5,22.66067974,,,,,,,,,,,,,,,,,
,8.6,71.81486366,,,,,,,,,,,,,,,,,
,8.6,57.36533978,,,,,,,,,,,,,,,,,
,8.6,22.53166614,,,,,,,,,,,,,,,,,
,8.7,57.10731257,,,,,,,,,,,,,,,,,
,8.7,22.27363892,,,,,,,,,,,,,,,,,
,8.7,11.56550962,,,,,,,,,,,,,,,,,
,8.8,55.94619011,,,,,,,,,,,,,,,,,
,8.8,22.14462532,,,,,,,,,,,,,,,,,
,8.8,11.56550962,,,,,,,,,,,,,,,,,
,8.9,70.13768678,,,,,,,,,,,,,,,,,
,8.9,55.94619011,,,,,,,,,,,,,,,,,
,8.9,21.62857089,,,,,,,,,,,,,,,,,
,8.9,11.43649601,,,,,,,,,,,,,,,,,
,9,69.75064596,,,,,,,,,,,,,,,,,
,9,54.78506766,,,,,,,,,,,,,,,,,
,9,20.85448926,,,,,,,,,,,,,,,,,
,9,11.1784688,,,,,,,,,,,,,,,,,
,9.1,69.75064596,,,,,,,,,,,,,,,,,
,9.1,52.97887717,,,,,,,,,,,,,,,,,
,9.1,20.85448926,,,,,,,,,,,,,,,,,
,9.1,10.92044159,,,,,,,,,,,,,,,,,
,9.2,69.36360514,,,,,,,,,,,,,,,,,
,9.2,52.33380914,,,,,,,,,,,,,,,,,
,9.2,20.46744844,,,,,,,,,,,,,,,,,
,9.2,10.92044159,,,,,,,,,,,,,,,,,
,9.3,67.94445548,,,,,,,,,,,,,,,,,
,9.3,52.20479553,,,,,,,,,,,,,,,,,
,9.3,19.82238041,,,,,,,,,,,,,,,,,
,9.4,66.52530581,,,,,,,,,,,,,,,,,
,9.4,50.78564587,,,,,,,,,,,,,,,,,
,9.4,18.91928517,,,,,,,,,,,,,,,,,
,9.5,66.52530581,,,,,,,,,,,,,,,,,
,9.5,48.33438735,,,,,,,,,,,,,,,,,
,9.5,18.91928517,,,,,,,,,,,,,,,,,
,9.6,65.88023778,,,,,,,,,,,,,,,,,
,9.6,48.33438735,,,,,,,,,,,,,,,,,
,9.6,18.27421714,,,,,,,,,,,,,,,,,
,9.7,62.91292484,,,,,,,,,,,,,,,,,
,9.7,47.43129211,,,,,,,,,,,,,,,,,
,9.7,17.88717632,,,,,,,,,,,,,,,,,
,9.8,62.78391123,,,,,,,,,,,,,,,,,
,9.8,46.27016966,,,,,,,,,,,,,,,,,
,9.8,17.88717632,,,,,,,,,,,,,,,,,
,9.9,62.78391123,,,,,,,,,,,,,,,,,
,9.9,45.23806081,,,,,,,,,,,,,,,,,
,9.9,17.5001355,,,,,,,,,,,,,,,,,
,10,62.52588402,,,,,,,,,,,,,,,,,
,10,45.23806081,,,,,,,,,,,,,,,,,
,10,16.98408108,,,,,,,,,,,,,,,,,
,10.1,60.07462551,,,,,,,,,,,,,,,,,
,10.1,44.20595196,,,,,,,,,,,,,,,,,
,10.2,60.07462551,,,,,,,,,,,,,,,,,
,10.2,43.56088393,,,,,,,,,,,,,,,,,
,10.3,59.9456119,,,,,,,,,,,,,,,,,
,10.3,43.56088393,,,,,,,,,,,,,,,,,
,10.4,59.55857108,,,,,,,,,,,,,,,,,
,10.4,42.9158159,,,,,,,,,,,,,,,,,
,10.5,59.17153026,,,,,,,,,,,,,,,,,
,10.5,42.14173426,,,,,,,,,,,,,,,,,
,10.6,59.17153026,,,,,,,,,,,,,,,,,
,10.6,41.36765262,,,,,,,,,,,,,,,,,
,10.7,41.36765262,,,,,,,,,,,,,,,,,
,10.8,40.98061181,,,,,,,,,,,,,,,,,
,10.8,15.56493141,,,,,,,,,,,,,,,,,
,10.9,40.59357099,,,,,,,,,,,,,,,,,
,10.9,15.56493141,,,,,,,,,,,,,,,,,
,11,56.97829896,,,,,,,,,,,,,,,,,
,11,40.59357099,,,,,,,,,,,,,,,,,
,11,15.4359178,,,,,,,,,,,,,,,,,
,11.1,56.84928535,,,,,,,,,,,,,,,,,
,11.1,40.33554378,,,,,,,,,,,,,,,,,
,11.1,15.3069042,,,,,,,,,,,,,,,,,
,11.2,56.59125814,,,,,,,,,,,,,,,,,
,11.2,40.07751656,,,,,,,,,,,,,,,,,
,11.2,15.3069042,,,,,,,,,,,,,,,,,
,11.3,56.59125814,,,,,,,,,,,,,,,,,
,11.3,39.81948935,,,,,,,,,,,,,,,,,
,11.3,15.17789059,,,,,,,,,,,,,,,,,
,11.4,56.33323093,,,,,,,,,,,,,,,,,
,11.4,39.81948935,,,,,,,,,,,,,,,,,
,11.4,15.17789059,,,,,,,,,,,,,,,,,
,11.5,56.20421732,,,,,,,,,,,,,,,,,
,11.5,39.69047575,,,,,,,,,,,,,,,,,
,11.5,15.17789059,,,,,,,,,,,,,,,,,
,11.6,56.20421732,,,,,,,,,,,,,,,,,
,11.6,39.69047575,,,,,,,,,,,,,,,,,
,11.6,15.17789059,,,,,,,,,,,,,,,,,
,11.7,39.69047575,,,,,,,,,,,,,,,,,
,11.8,39.69047575,,,,,,,,,,,,,,,,,
,11.9,39.69047575,,,,,,,,,,,,,,,,,
,12,39.69047575,,,,,,,,,,,,,,,,,
,12.1,39.69047575,,,,,,,,,,,,,,,,,
,12.2,39.81948935,,,,,,,,,,,,,,,,,
,12.3,39.81948935,,,,,,,,,,,,,,,,,
,12.4,39.81948935,,,,,,,,,,,,,,,,,
,12.5,56.72027175,,,,,,,,,,,,,,,,,
,12.5,40.20653017,,,,,,,,,,,,,,,,,
,12.6,56.59125814,,,,,,,,,,,,,,,,,
,12.6,40.46455738,,,,,,,,,,,,,,,,,
,12.7,56.59125814,,,,,,,,,,,,,,,,,
,12.7,40.72258459,,,,,,,,,,,,,,,,,
,12.7,15.17789059,,,,,,,,,,,,,,,,,
,12.8,56.84928535,,,,,,,,,,,,,,,,,
,12.8,40.72258459,,,,,,,,,,,,,,,,,
,12.8,15.3069042,,,,,,,,,,,,,,,,,
,12.9,57.10731257,,,,,,,,,,,,,,,,,
,12.9,40.98061181,,,,,,,,,,,,,,,,,
,12.9,15.3069042,,,,,,,,,,,,,,,,,
,13,57.10731257,,,,,,,,,,,,,,,,,
,13,41.23863902,,,,,,,,,,,,,,,,,
,13,15.4359178,,,,,,,,,,,,,,,,,
,13.1,57.23632617,,,,,,,,,,,,,,,,,
,13.1,41.23863902,,,,,,,,,,,,,,,,,
,13.1,15.56493141,,,,,,,,,,,,,,,,,
,13.2,41.49666623,,,,,,,,,,,,,,,,,
,13.2,15.56493141,,,,,,,,,,,,,,,,,
,13.3,42.01272065,,,,,,,,,,,,,,,,,
,13.3,15.56493141,,,,,,,,,,,,,,,,,
,13.4,42.14173426,,,,,,,,,,,,,,,,,
,13.4,15.69394501,,,,,,,,,,,,,,,,,
,13.5,42.27074787,,,,,,,,,,,,,,,,,
,13.5,15.95197223,,,,,,,,,,,,,,,,,
,13.6,42.52877508,,,,,,,,,,,,,,,,,
,13.7,43.0448295,,,,,,,,,,,,,,,,,
,13.8,59.17153026,,,,,,,,,,,,,,,,,
,13.8,43.0448295,,,,,,,,,,,,,,,,,
,13.9,59.30054387,,,,,,,,,,,,,,,,,
,13.9,43.43187032,,,,,,,,,,,,,,,,,
,14,59.30054387,,,,,,,,,,,,,,,,,
,14,43.81891114,,,,,,,,,,,,,,,,,
,14.1,59.55857108,,,,,,,,,,,,,,,,,
,14.1,43.81891114,,,,,,,,,,,,,,,,,
,14.2,59.68758469,,,,,,,,,,,,,,,,,
,14.2,44.20595196,,,,,,,,,,,,,,,,,
,14.3,44.98003359,,,,,,,,,,,,,,,,,
,14.4,45.49608802,,,,,,,,,,,,,,,,,
,14.5,45.49608802,,,,,,,,,,,,,,,,,
,14.5,16.85506747,,,,,,,,,,,,,,,,,
,14.6,45.75411523,,,,,,,,,,,,,,,,,
,14.6,16.98408108,,,,,,,,,,,,,,,,,
,14.7,46.27016966,,,,,,,,,,,,,,,,,
,14.7,16.98408108,,,,,,,,,,,,,,,,,
,14.8,62.0098296,,,,,,,,,,,,,,,,,
,14.8,46.27016966,,,,,,,,,,,,,,,,,
,14.8,17.11309468,,,,,,,,,,,,,,,,,
,14.9,62.39687041,,,,,,,,,,,,,,,,,
,14.9,46.91523769,,,,,,,,,,,,,,,,,
,14.9,17.37112189,,,,,,,,,,,,,,,,,
,15,62.39687041,,,,,,,,,,,,,,,,,
,15,47.68931932,,,,,,,,,,,,,,,,,
,15,17.37112189,,,,,,,,,,,,,,,,,
,15.1,62.65489763,,,,,,,,,,,,,,,,,
,15.1,47.68931932,,,,,,,,,,,,,,,,,
,15.1,17.5001355,,,,,,,,,,,,,,,,,
,15.2,62.91292484,,,,,,,,,,,,,,,,,
,15.2,48.20537375,,,,,,,,,,,,,,,,,
,15.2,17.62914911,,,,,,,,,,,,,,,,,
,15.3,48.59241456,,,,,,,,,,,,,,,,,
,15.4,49.10846899,,,,,,,,,,,,,,,,,
,15.4,17.88717632,,,,,,,,,,,,,,,,,
,15.4,9.888332741,,,,,,,,,,,,,,,,,
,15.5,49.10846899,,,,,,,,,,,,,,,,,
,15.5,18.14520353,,,,,,,,,,,,,,,,,
,15.5,10.01734635,,,,,,,,,,,,,,,,,
,15.6,65.10615614,,,,,,,,,,,,,,,,,
,15.6,50.01156423,,,,,,,,,,,,,,,,,
,15.6,18.27421714,,,,,,,,,,,,,,,,,
,15.6,10.01734635,,,,,,,,,,,,,,,,,
,15.7,65.10615614,,,,,,,,,,,,,,,,,
,15.7,50.65663226,,,,,,,,,,,,,,,,,
,15.7,18.27421714,,,,,,,,,,,,,,,,,
,15.7,10.01734635,,,,,,,,,,,,,,,,,
,15.8,65.49319696,,,,,,,,,,,,,,,,,
,15.8,50.65663226,,,,,,,,,,,,,,,,,
,15.8,18.40323074,,,,,,,,,,,,,,,,,
,15.8,10.14635995,,,,,,,,,,,,,,,,,
,15.9,65.62221057,,,,,,,,,,,,,,,,,
,15.9,51.04367308,,,,,,,,,,,,,,,,,
,15.9,18.53224435,,,,,,,,,,,,,,,,,
,15.9,10.14635995,,,,,,,,,,,,,,,,,
,16,65.75122417,,,,,,,,,,,,,,,,,
,16,51.5597275,,,,,,,,,,,,,,,,,
,16,18.53224435,,,,,,,,,,,,,,,,,
,16,10.27537356,,,,,,,,,,,,,,,,,
,16.1,65.75122417,,,,,,,,,,,,,,,,,
,16.1,51.68874111,,,,,,,,,,,,,,,,,
,16.1,18.79027156,,,,,,,,,,,,,,,,,
,16.1,10.27537356,,,,,,,,,,,,,,,,,
,16.2,66.00925139,,,,,,,,,,,,,,,,,
,16.2,52.20479553,,,,,,,,,,,,,,,,,
,16.2,19.17731238,,,,,,,,,,,,,,,,,
,16.3,68.20248269,,,,,,,,,,,,,,,,,
,16.3,52.72084996,,,,,,,,,,,,,,,,,
,16.3,19.30632598,,,,,,,,,,,,,,,,,
,16.4,68.20248269,,,,,,,,,,,,,,,,,
,16.4,53.23690438,,,,,,,,,,,,,,,,,
,16.4,19.30632598,,,,,,,,,,,,,,,,,
,16.5,68.33149629,,,,,,,,,,,,,,,,,
,16.5,53.23690438,,,,,,,,,,,,,,,,,
,16.5,19.30632598,,,,,,,,,,,,,,,,,
,16.6,68.33149629,,,,,,,,,,,,,,,,,
,16.6,53.23690438,,,,,,,,,,,,,,,,,
,16.6,19.17731238,,,,,,,,,,,,,,,,,
,16.7,68.33149629,,,,,,,,,,,,,,,,,
,16.7,52.97887717,,,,,,,,,,,,,,,,,
,16.7,19.17731238,,,,,,,,,,,,,,,,,
,16.8,68.07346908,,,,,,,,,,,,,,,,,
,16.8,52.97887717,,,,,,,,,,,,,,,,,
,16.8,18.79027156,,,,,,,,,,,,,,,,,
,16.9,52.07578193,,,,,,,,,,,,,,,,,
,16.9,18.53224435,,,,,,,,,,,,,,,,,
,17,65.36418335,,,,,,,,,,,,,,,,,
,17,51.04367308,,,,,,,,,,,,,,,,,
,17,18.14520353,,,,,,,,,,,,,,,,,
,17.1,65.36418335,,,,,,,,,,,,,,,,,
,17.1,50.14057784,,,,,,,,,,,,,,,,,
,17.1,18.14520353,,,,,,,,,,,,,,,,,
,17.2,65.10615614,,,,,,,,,,,,,,,,,
,17.2,50.14057784,,,,,,,,,,,,,,,,,
,17.2,17.75816271,,,,,,,,,,,,,,,,,
,17.2,9.630305529,,,,,,,,,,,,,,,,,
,17.3,64.84812893,,,,,,,,,,,,,,,,,
,17.3,48.97945538,,,,,,,,,,,,,,,,,
,17.3,9.501291923,,,,,,,,,,,,,,,,,
,17.4,63.55799287,,,,,,,,,,,,,,,,,
,17.4,47.68931932,,,,,,,,,,,,,,,,,
,17.4,17.5001355,,,,,,,,,,,,,,,,,
,17.4,9.372278317,,,,,,,,,,,,,,,,,
,17.5,62.0098296,,,,,,,,,,,,,,,,,
,17.5,47.3022785,,,,,,,,,,,,,,,,,
,17.5,9.114251105,,,,,,,,,,,,,,,,,
,17.6,61.88081599,,,,,,,,,,,,,,,,,
,17.6,46.14115605,,,,,,,,,,,,,,,,,
,17.7,61.75180238,,,,,,,,,,,,,,,,,
,17.7,45.36707441,,,,,,,,,,,,,,,,,
,17.8,61.75180238,,,,,,,,,,,,,,,,,
,17.8,44.20595196,,,,,,,,,,,,,,,,,
,17.9,61.36476157,,,,,,,,,,,,,,,,,
,17.9,44.20595196,,,,,,,,,,,,,,,,,
,17.9,15.82295862,,,,,,,,,,,,,,,,,
,18,58.78448944,,,,,,,,,,,,,,,,,
,18,42.78680229,,,,,,,,,,,,,,,,,
,18,15.69394501,,,,,,,,,,,,,,,,,
,18.1,58.39744863,,,,,,,,,,,,,,,,,
,18.1,42.01272065,,,,,,,,,,,,,,,,,
,18.1,15.69394501,,,,,,,,,,,,,,,,,
,18.2,58.39744863,,,,,,,,,,,,,,,,,
,18.2,41.36765262,,,,,,,,,,,,,,,,,
,18.3,58.13942141,,,,,,,,,,,,,,,,,
,18.3,41.36765262,,,,,,,,,,,,,,,,,
,18.3,15.3069042,,,,,,,,,,,,,,,,,
,18.4,57.8813942,,,,,,,,,,,,,,,,,
,18.4,40.8515982,,,,,,,,,,,,,,,,,
,18.4,14.91986338,,,,,,,,,,,,,,,,,
,18.5,57.8813942,,,,,,,,,,,,,,,,,
,18.5,40.33554378,,,,,,,,,,,,,,,,,
,18.5,14.91986338,,,,,,,,,,,,,,,,,
,18.6,40.33554378,,,,,,,,,,,,,,,,,
,18.6,14.79084977,,,,,,,,,,,,,,,,,
,18.7,55.8171765,,,,,,,,,,,,,,,,,
,18.7,39.69047575,,,,,,,,,,,,,,,,,
,18.8,55.6881629,,,,,,,,,,,,,,,,,
,18.8,39.56146214,,,,,,,,,,,,,,,,,
,18.9,55.6881629,,,,,,,,,,,,,,,,,
,18.9,39.30343493,,,,,,,,,,,,,,,,,
,19,55.55914929,,,,,,,,,,,,,,,,,
,19,39.30343493,,,,,,,,,,,,,,,,,
,19.1,55.17210847,,,,,,,,,,,,,,,,,
,19.1,39.04540771,,,,,,,,,,,,,,,,,
,19.2,55.17210847,,,,,,,,,,,,,,,,,
,19.2,38.7873805,,,,,,,,,,,,,,,,,
,19.3,55.04309487,,,,,,,,,,,,,,,,,
,19.3,38.7873805,,,,,,,,,,,,,,,,,
,19.4,38.7873805,,,,,,,,,,,,,,,,,
,19.5,38.6583669,,,,,,,,,,,,,,,,,
,19.6,38.6583669,,,,,,,,,,,,,,,,,
,19.6,14.27479535,,,,,,,,,,,,,,,,,
,19.7,38.6583669,,,,,,,,,,,,,,,,,
,19.7,14.27479535,,,,,,,,,,,,,,,,,
,19.8,38.7873805,,,,,,,,,,,,,,,,,
,19.8,14.27479535,,,,,,,,,,,,,,,,,
,19.9,38.7873805,,,,,,,,,,,,,,,,,
,19.9,14.27479535,,,,,,,,,,,,,,,,,
,20,38.7873805,,,,,,,,,,,,,,,,,
,20,14.40380895,,,,,,,,,,,,,,,,,
,20.1,38.91639411,,,,,,,,,,,,,,,,,
,20.1,14.40380895,,,,,,,,,,,,,,,,,
,20.2,55.04309487,,,,,,,,,,,,,,,,,
,20.2,39.17442132,,,,,,,,,,,,,,,,,
,20.2,14.40380895,,,,,,,,,,,,,,,,,
,20.3,55.04309487,,,,,,,,,,,,,,,,,
,20.3,39.30343493,,,,,,,,,,,,,,,,,
,20.3,14.66183617,,,,,,,,,,,,,,,,,
,20.4,55.17210847,,,,,,,,,,,,,,,,,
,20.4,39.30343493,,,,,,,,,,,,,,,,,
,20.4,14.66183617,,,,,,,,,,,,,,,,,
,20.5,55.43013569,,,,,,,,,,,,,,,,,
,20.5,39.69047575,,,,,,,,,,,,,,,,,
,20.6,55.43013569,,,,,,,,,,,,,,,,,
,20.6,39.94850296,,,,,,,,,,,,,,,,,
,20.7,55.55914929,,,,,,,,,,,,,,,,,
,20.7,39.94850296,,,,,,,,,,,,,,,,,
,20.8,55.8171765,,,,,,,,,,,,,,,,,
,20.8,40.20653017,,,,,,,,,,,,,,,,,
,20.9,55.8171765,,,,,,,,,,,,,,,,,
,20.9,40.46455738,,,,,,,,,,,,,,,,,
,21,55.94619011,,,,,,,,,,,,,,,,,
,21,40.72258459,,,,,,,,,,,,,,,,,
,21.1,40.8515982,,,,,,,,,,,,,,,,,
,21.2,41.23863902,,,,,,,,,,,,,,,,,
,21.3,41.49666623,,,,,,,,,,,,,,,,,
,21.4,41.49666623,,,,,,,,,,,,,,,,,
,21.5,41.75469344,,,,,,,,,,,,,,,,,
,21.5,15.3069042,,,,,,,,,,,,,,,,,
,21.6,42.27074787,,,,,,,,,,,,,,,,,
,21.6,15.3069042,,,,,,,,,,,,,,,,,
,21.7,57.8813942,,,,,,,,,,,,,,,,,
,21.7,42.27074787,,,,,,,,,,,,,,,,,
,21.7,15.4359178,,,,,,,,,,,,,,,,,
,21.8,58.13942141,,,,,,,,,,,,,,,,,
,21.8,42.78680229,,,,,,,,,,,,,,,,,
,21.8,15.56493141,,,,,,,,,,,,,,,,,
,21.9,58.39744863,,,,,,,,,,,,,,,,,
,21.9,43.0448295,,,,,,,,,,,,,,,,,
,21.9,15.56493141,,,,,,,,,,,,,,,,,
,22,58.39744863,,,,,,,,,,,,,,,,,
,22,43.68989753,,,,,,,,,,,,,,,,,
,22,15.56493141,,,,,,,,,,,,,,,,,
,22.1,58.65547584,,,,,,,,,,,,,,,,,
,22.1,43.68989753,,,,,,,,,,,,,,,,,
,22.1,15.82295862,,,,,,,,,,,,,,,,,
,22.2,44.07693835,,,,,,,,,,,,,,,,,
,22.2,15.95197223,,,,,,,,,,,,,,,,,
,22.3,44.72200638,,,,,,,,,,,,,,,,,
,22.3,15.95197223,,,,,,,,,,,,,,,,,
,22.4,44.72200638,,,,,,,,,,,,,,,,,
,22.5,60.71969354,,,,,,,,,,,,,,,,,
,22.5,45.23806081,,,,,,,,,,,,,,,,,
,22.6,60.71969354,,,,,,,,,,,,,,,,,
,22.6,45.49608802,,,,,,,,,,,,,,,,,
,22.7,60.71969354,,,,,,,,,,,,,,,,,
,22.7,45.49608802,,,,,,,,,,,,,,,,,
,22.8,61.10673435,,,,,,,,,,,,,,,,,
,22.8,46.01214244,,,,,,,,,,,,,,,,,
,22.9,61.49377517,,,,,,,,,,,,,,,,,
,22.9,46.78622408,,,,,,,,,,,,,,,,,
,23,61.49377517,,,,,,,,,,,,,,,,,
,23,47.3022785,,,,,,,,,,,,,,,,,
,23.1,47.3022785,,,,,,,,,,,,,,,,,
,23.2,47.81833293,,,,,,,,,,,,,,,,,
,23.2,16.85506747,,,,,,,,,,,,,,,,,
,23.3,48.33438735,,,,,,,,,,,,,,,,,
,23.3,16.85506747,,,,,,,,,,,,,,,,,
,23.4,48.33438735,,,,,,,,,,,,,,,,,
,23.4,17.11309468,,,,,,,,,,,,,,,,,
,23.5,63.94503369,,,,,,,,,,,,,,,,,
,23.5,48.85044178,,,,,,,,,,,,,,,,,
,23.5,17.37112189,,,,,,,,,,,,,,,,,
,23.6,64.2030609,,,,,,,,,,,,,,,,,
,23.6,49.75353702,,,,,,,,,,,,,,,,,
,23.6,17.37112189,,,,,,,,,,,,,,,,,
,23.7,64.33207451,,,,,,,,,,,,,,,,,
,23.7,50.01156423,,,,,,,,,,,,,,,,,
,23.7,17.62914911,,,,,,,,,,,,,,,,,
,23.8,50.26959144,,,,,,,,,,,,,,,,,
,23.8,17.75816271,,,,,,,,,,,,,,,,,
,23.9,50.52761866,,,,,,,,,,,,,,,,,
,23.9,17.88717632,,,,,,,,,,,,,,,,,
,24,51.30170029,,,,,,,,,,,,,,,,,
,24,17.88717632,,,,,,,,,,,,,,,,,
,24.1,66.91234663,,,,,,,,,,,,,,,,,
,24.1,51.30170029,,,,,,,,,,,,,,,,,
,24.1,18.27421714,,,,,,,,,,,,,,,,,
,24.2,67.42840105,,,,,,,,,,,,,,,,,
,24.2,51.94676832,,,,,,,,,,,,,,,,,
,24.2,18.40323074,,,,,,,,,,,,,,,,,
,24.2,10.40438717,,,,,,,,,,,,,,,,,
,24.3,67.42840105,,,,,,,,,,,,,,,,,
,24.3,52.59183635,,,,,,,,,,,,,,,,,
,24.3,18.40323074,,,,,,,,,,,,,,,,,
,24.3,10.27537356,,,,,,,,,,,,,,,,,
,24.4,67.55741466,,,,,,,,,,,,,,,,,
,24.4,52.59183635,,,,,,,,,,,,,,,,,
,24.4,18.66125795,,,,,,,,,,,,,,,,,
,24.4,10.27537356,,,,,,,,,,,,,,,,,
,24.5,52.97887717,,,,,,,,,,,,,,,,,
,24.5,18.66125795,,,,,,,,,,,,,,,,,
,24.5,10.27537356,,,,,,,,,,,,,,,,,
,24.6,52.84986357,,,,,,,,,,,,,,,,,
,24.6,18.66125795,,,,,,,,,,,,,,,,,
,24.6,10.14635995,,,,,,,,,,,,,,,,,
,24.7,52.20479553,,,,,,,,,,,,,,,,,
,24.7,18.53224435,,,,,,,,,,,,,,,,,
,24.7,10.14635995,,,,,,,,,,,,,,,,,
,24.8,66.65431942,,,,,,,,,,,,,,,,,
,24.8,52.20479553,,,,,,,,,,,,,,,,,
,24.8,18.27421714,,,,,,,,,,,,,,,,,
,24.8,10.14635995,,,,,,,,,,,,,,,,,
,24.9,66.2672786,,,,,,,,,,,,,,,,,
,24.9,51.4307139,,,,,,,,,,,,,,,,,
,24.9,18.01618992,,,,,,,,,,,,,,,,,
,24.9,10.01734635,,,,,,,,,,,,,,,,,
,25,66.2672786,,,,,,,,,,,,,,,,,
,25,50.65663226,,,,,,,,,,,,,,,,,
,25,18.01618992,,,,,,,,,,,,,,,,,
,25,10.01734635,,,,,,,,,,,,,,,,,
,25.1,66.13826499,,,,,,,,,,,,,,,,,
,25.1,50.65663226,,,,,,,,,,,,,,,,,
,25.1,9.888332741,,,,,,,,,,,,,,,,,
,25.2,65.88023778,,,,,,,,,,,,,,,,,
,25.2,49.88255063,,,,,,,,,,,,,,,,,
,25.2,17.11309468,,,,,,,,,,,,,,,,,
,25.3,62.91292484,,,,,,,,,,,,,,,,,
,25.3,47.81833293,,,,,,,,,,,,,,,,,
,25.3,17.11309468,,,,,,,,,,,,,,,,,
,25.4,62.91292484,,,,,,,,,,,,,,,,,
,25.4,46.65721047,,,,,,,,,,,,,,,,,
,25.4,16.85506747,,,,,,,,,,,,,,,,,
,25.5,62.78391123,,,,,,,,,,,,,,,,,
,25.5,46.65721047,,,,,,,,,,,,,,,,,
,25.5,16.59704026,,,,,,,,,,,,,,,,,
,25.6,62.26785681,,,,,,,,,,,,,,,,,
,25.6,45.75411523,,,,,,,,,,,,,,,,,
,25.6,16.33901304,,,,,,,,,,,,,,,,,
,25.7,60.84870714,,,,,,,,,,,,,,,,,
,25.7,44.20595196,,,,,,,,,,,,,,,,,
,25.7,16.33901304,,,,,,,,,,,,,,,,,
,25.8,59.81659829,,,,,,,,,,,,,,,,,
,25.8,43.81891114,,,,,,,,,,,,,,,,,
,25.8,15.95197223,,,,,,,,,,,,,,,,,
,25.9,59.68758469,,,,,,,,,,,,,,,,,
,25.9,43.30285672,,,,,,,,,,,,,,,,,
,26,59.04251666,,,,,,,,,,,,,,,,,
,26,42.01272065,,,,,,,,,,,,,,,,,
,26.1,59.04251666,,,,,,,,,,,,,,,,,
,26.1,41.23863902,,,,,,,,,,,,,,,,,
,26.2,41.23863902,,,,,,,,,,,,,,,,,
,26.3,40.8515982,,,,,,,,,,,,,,,,,
,26.4,56.46224454,,,,,,,,,,,,,,,,,
,26.4,40.33554378,,,,,,,,,,,,,,,,,
,26.5,56.46224454,,,,,,,,,,,,,,,,,
,26.5,39.69047575,,,,,,,,,,,,,,,,,
,26.6,55.94619011,,,,,,,,,,,,,,,,,
,26.6,39.69047575,,,,,,,,,,,,,,,,,
,26.7,55.94619011,,,,,,,,,,,,,,,,,
,26.7,39.30343493,,,,,,,,,,,,,,,,,
,26.7,14.53282256,,,,,,,,,,,,,,,,,
,26.8,55.94619011,,,,,,,,,,,,,,,,,
,26.8,39.04540771,,,,,,,,,,,,,,,,,
,26.8,14.40380895,,,,,,,,,,,,,,,,,
,26.9,39.04540771,,,,,,,,,,,,,,,,,
,26.9,14.27479535,,,,,,,,,,,,,,,,,
,27,38.7873805,,,,,,,,,,,,,,,,,
,27,14.27479535,,,,,,,,,,,,,,,,,
,27.1,38.7873805,,,,,,,,,,,,,,,,,
,27.1,14.27479535,,,,,,,,,,,,,,,,,
,27.2,38.40033968,,,,,,,,,,,,,,,,,
,27.2,14.27479535,,,,,,,,,,,,,,,,,
,27.3,38.40033968,,,,,,,,,,,,,,,,,
,27.3,14.27479535,,,,,,,,,,,,,,,,,
,27.4,38.40033968,,,,,,,,,,,,,,,,,
,27.4,14.27479535,,,,,,,,,,,,,,,,,
,27.5,38.40033968,,,,,,,,,,,,,,,,,
,27.5,14.27479535,,,,,,,,,,,,,,,,,
,27.6,54.39802684,,,,,,,,,,,,,,,,,
,27.6,38.40033968,,,,,,,,,,,,,,,,,
,27.6,14.27479535,,,,,,,,,,,,,,,,,
,27.7,54.52704044,,,,,,,,,,,,,,,,,
,27.7,38.40033968,,,,,,,,,,,,,,,,,
,27.7,14.01676814,,,,,,,,,,,,,,,,,
,27.8,54.52704044,,,,,,,,,,,,,,,,,
,27.8,38.52935329,,,,,,,,,,,,,,,,,
,27.8,14.01676814,,,,,,,,,,,,,,,,,
,27.9,54.52704044,,,,,,,,,,,,,,,,,
,27.9,38.7873805,,,,,,,,,,,,,,,,,
,27.9,8.211155862,,,,,,,,,,,,,,,,,
,28,54.52704044,,,,,,,,,,,,,,,,,
,28,38.7873805,,,,,,,,,,,,,,,,,
,28,8.211155862,,,,,,,,,,,,,,,,,
,28.1,54.78506766,,,,,,,,,,,,,,,,,
,28.1,38.91639411,,,,,,,,,,,,,,,,,
,28.1,8.211155862,,,,,,,,,,,,,,,,,
,28.2,54.78506766,,,,,,,,,,,,,,,,,
,28.2,39.17442132,,,,,,,,,,,,,,,,,
,28.2,8.211155862,,,,,,,,,,,,,,,,,
,28.3,54.78506766,,,,,,,,,,,,,,,,,
,28.3,39.17442132,,,,,,,,,,,,,,,,,
,28.4,39.43244853,,,,,,,,,,,,,,,,,
,28.5,39.56146214,,,,,,,,,,,,,,,,,
,28.6,39.56146214,,,,,,,,,,,,,,,,,
,28.6,14.53282256,,,,,,,,,,,,,,,,,
,28.7,39.81948935,,,,,,,,,,,,,,,,,
,28.7,14.53282256,,,,,,,,,,,,,,,,,
,28.8,40.20653017,,,,,,,,,,,,,,,,,
,28.8,14.53282256,,,,,,,,,,,,,,,,,
,28.9,40.59357099,,,,,,,,,,,,,,,,,
,28.9,14.66183617,,,,,,,,,,,,,,,,,
,29,40.59357099,,,,,,,,,,,,,,,,,
,29,14.66183617,,,,,,,,,,,,,,,,,
,29.1,56.46224454,,,,,,,,,,,,,,,,,
,29.1,40.98061181,,,,,,,,,,,,,,,,,
,29.1,14.79084977,,,,,,,,,,,,,,,,,
,29.2,56.46224454,,,,,,,,,,,,,,,,,
,29.2,41.23863902,,,,,,,,,,,,,,,,,
,29.2,14.79084977,,,,,,,,,,,,,,,,,
,29.3,56.59125814,,,,,,,,,,,,,,,,,
,29.3,41.23863902,,,,,,,,,,,,,,,,,
,29.3,14.91986338,,,,,,,,,,,,,,,,,
,29.4,56.97829896,,,,,,,,,,,,,,,,,
,29.4,41.49666623,,,,,,,,,,,,,,,,,
,29.4,15.17789059,,,,,,,,,,,,,,,,,
,29.5,57.10731257,,,,,,,,,,,,,,,,,
,29.5,42.01272065,,,,,,,,,,,,,,,,,
,29.5,15.17789059,,,,,,,,,,,,,,,,,
,29.6,57.10731257,,,,,,,,,,,,,,,,,
,29.6,42.39976147,,,,,,,,,,,,,,,,,
,29.7,42.39976147,,,,,,,,,,,,,,,,,
,29.8,42.78680229,,,,,,,,,,,,,,,,,
,29.9,43.0448295,,,,,,,,,,,,,,,,,
,30,43.0448295,,,,,,,,,,,,,,,,,
,30.1,59.17153026,,,,,,,,,,,,,,,,,
,30.1,43.68989753,,,,,,,,,,,,,,,,,
,30.2,59.17153026,,,,,,,,,,,,,,,,,
,30.2,44.33496556,,,,,,,,,,,,,,,,,
,30.3,59.42955748,,,,,,,,,,,,,,,,,
,30.3,44.33496556,,,,,,,,,,,,,,,,,
,30.4,59.81659829,,,,,,,,,,,,,,,,,
,30.4,44.98003359,,,,,,,,,,,,,,,,,
,30.4,15.95197223,,,,,,,,,,,,,,,,,
,30.5,60.07462551,,,,,,,,,,,,,,,,,
,30.5,45.36707441,,,,,,,,,,,,,,,,,
,30.5,15.95197223,,,,,,,,,,,,,,,,,
,30.6,60.07462551,,,,,,,,,,,,,,,,,
,30.6,45.75411523,,,,,,,,,,,,,,,,,
,30.6,15.95197223,,,,,,,,,,,,,,,,,
,30.7,60.20363911,,,,,,,,,,,,,,,,,
,30.7,45.75411523,,,,,,,,,,,,,,,,,
,30.7,16.20999944,,,,,,,,,,,,,,,,,
,30.8,46.27016966,,,,,,,,,,,,,,,,,
,30.8,16.33901304,,,,,,,,,,,,,,,,,
,30.9,46.91523769,,,,,,,,,,,,,,,,,
,30.9,16.33901304,,,,,,,,,,,,,,,,,
,31,46.91523769,,,,,,,,,,,,,,,,,
,31,16.59704026,,,,,,,,,,,,,,,,,
,31.1,62.39687041,,,,,,,,,,,,,,,,,
,31.1,47.43129211,,,,,,,,,,,,,,,,,
,31.1,16.59704026,,,,,,,,,,,,,,,,,
,31.2,62.52588402,,,,,,,,,,,,,,,,,
,31.2,47.81833293,,,,,,,,,,,,,,,,,
,31.2,16.59704026,,,,,,,,,,,,,,,,,
,31.3,62.52588402,,,,,,,,,,,,,,,,,
,31.3,48.07636014,,,,,,,,,,,,,,,,,
,31.3,16.85506747,,,,,,,,,,,,,,,,,
,31.4,63.04193845,,,,,,,,,,,,,,,,,
,31.4,48.46340096,,,,,,,,,,,,,,,,,
,31.5,63.29996566,,,,,,,,,,,,,,,,,
,31.5,49.23748259,,,,,,,,,,,,,,,,,
,31.6,63.29996566,,,,,,,,,,,,,,,,,
,31.6,49.75353702,,,,,,,,,,,,,,,,,
,31.7,49.75353702,,,,,,,,,,,,,,,,,
,31.8,65.75122417,,,,,,,,,,,,,,,,,
,31.8,50.39860505,,,,,,,,,,,,,,,,,
,31.8,9.630305529,,,,,,,,,,,,,,,,,
,31.9,65.75122417,,,,,,,,,,,,,,,,,
,31.9,50.78564587,,,,,,,,,,,,,,,,,
,31.9,9.630305529,,,,,,,,,,,,,,,,,
,32,65.88023778,,,,,,,,,,,,,,,,,
,32,50.78564587,,,,,,,,,,,,,,,,,
,32,9.759319135,,,,,,,,,,,,,,,,,
,32.1,66.13826499,,,,,,,,,,,,,,,,,
,32.1,51.4307139,,,,,,,,,,,,,,,,,
,32.1,18.01618992,,,,,,,,,,,,,,,,,
,32.1,9.888332741,,,,,,,,,,,,,,,,,
,32.2,52.07578193,,,,,,,,,,,,,,,,,
,32.2,18.01618992,,,,,,,,,,,,,,,,,
,32.2,10.01734635,,,,,,,,,,,,,,,,,
,32.3,52.46282275,,,,,,,,,,,,,,,,,
,32.3,18.14520353,,,,,,,,,,,,,,,,,
,32.3,10.01734635,,,,,,,,,,,,,,,,,
,32.4,52.46282275,,,,,,,,,,,,,,,,,
,32.4,18.27421714,,,,,,,,,,,,,,,,,
,32.5,68.20248269,,,,,,,,,,,,,,,,,
,32.5,52.72084996,,,,,,,,,,,,,,,,,
,32.5,18.27421714,,,,,,,,,,,,,,,,,
,32.6,68.20248269,,,,,,,,,,,,,,,,,
,32.6,52.46282275,,,,,,,,,,,,,,,,,
,32.6,18.27421714,,,,,,,,,,,,,,,,,
,32.7,67.68642826,,,,,,,,,,,,,,,,,
,32.7,52.46282275,,,,,,,,,,,,,,,,,
,32.7,18.14520353,,,,,,,,,,,,,,,,,
,32.8,67.42840105,,,,,,,,,,,,,,,,,
,32.8,51.68874111,,,,,,,,,,,,,,,,,
,32.8,18.01618992,,,,,,,,,,,,,,,,,
,32.9,67.42840105,,,,,,,,,,,,,,,,,
,32.9,51.17268669,,,,,,,,,,,,,,,,,
,32.9,18.01618992,,,,,,,,,,,,,,,,,
,33,67.04136023,,,,,,,,,,,,,,,,,
,33,50.52761866,,,,,,,,,,,,,,,,,
,33,17.62914911,,,,,,,,,,,,,,,,,
,33.1,64.59010172,,,,,,,,,,,,,,,,,
,33.1,50.14057784,,,,,,,,,,,,,,,,,
,33.1,17.37112189,,,,,,,,,,,,,,,,,
,33.2,64.46108811,,,,,,,,,,,,,,,,,
,33.2,49.3664962,,,,,,,,,,,,,,,,,
,33.3,64.46108811,,,,,,,,,,,,,,,,,
,33.3,47.43129211,,,,,,,,,,,,,,,,,
,33.4,47.43129211,,,,,,,,,,,,,,,,,
,33.5,61.23574796,,,,,,,,,,,,,,,,,
,33.5,46.01214244,,,,,,,,,,,,,,,,,
,33.6,61.10673435,,,,,,,,,,,,,,,,,
,33.6,45.23806081,,,,,,,,,,,,,,,,,
,33.7,61.10673435,,,,,,,,,,,,,,,,,
,33.7,43.94792475,,,,,,,,,,,,,,,,,
,33.8,60.59067993,,,,,,,,,,,,,,,,,
,33.8,43.94792475,,,,,,,,,,,,,,,,,
,33.9,58.26843502,,,,,,,,,,,,,,,,,
,33.9,42.78680229,,,,,,,,,,,,,,,,,
,33.9,15.3069042,,,,,,,,,,,,,,,,,
,34,58.26843502,,,,,,,,,,,,,,,,,
,34,41.75469344,,,,,,,,,,,,,,,,,
,34,15.3069042,,,,,,,,,,,,,,,,,
,34.1,57.8813942,,,,,,,,,,,,,,,,,
,34.1,41.62567984,,,,,,,,,,,,,,,,,
,34.1,15.17789059,,,,,,,,,,,,,,,,,
,34.2,57.62336699,,,,,,,,,,,,,,,,,
,34.2,41.10962541,,,,,,,,,,,,,,,,,
,34.2,14.91986338,,,,,,,,,,,,,,,,,
,34.3,57.36533978,,,,,,,,,,,,,,,,,
,34.3,40.46455738,,,,,,,,,,,,,,,,,
,34.3,14.91986338,,,,,,,,,,,,,,,,,
,34.4,57.36533978,,,,,,,,,,,,,,,,,
,34.4,40.07751656,,,,,,,,,,,,,,,,,
,34.4,14.79084977,,,,,,,,,,,,,,,,,
,34.5,40.07751656,,,,,,,,,,,,,,,,,
,34.5,14.53282256,,,,,,,,,,,,,,,,,
,34.6,39.43244853,,,,,,,,,,,,,,,,,
,34.6,14.53282256,,,,,,,,,,,,,,,,,
,34.7,55.17210847,,,,,,,,,,,,,,,,,
,34.7,39.17442132,,,,,,,,,,,,,,,,,
,34.7,14.53282256,,,,,,,,,,,,,,,,,
,34.8,55.17210847,,,,,,,,,,,,,,,,,
,34.8,38.91639411,,,,,,,,,,,,,,,,,
,34.8,14.27479535,,,,,,,,,,,,,,,,,
,34.9,55.17210847,,,,,,,,,,,,,,,,,
,34.9,38.91639411,,,,,,,,,,,,,,,,,
,35,54.91408126,,,,,,,,,,,,,,,,,
,35,38.7873805,,,,,,,,,,,,,,,,,
,35.1,54.91408126,,,,,,,,,,,,,,,,,
,35.1,38.52935329,,,,,,,,,,,,,,,,,
,35.2,54.78506766,,,,,,,,,,,,,,,,,
,35.2,38.52935329,,,,,,,,,,,,,,,,,
,35.2,8.211155862,,,,,,,,,,,,,,,,,
,35.3,54.52704044,,,,,,,,,,,,,,,,,
,35.3,38.40033968,,,,,,,,,,,,,,,,,
,35.3,8.211155862,,,,,,,,,,,,,,,,,
,35.4,54.65605405,,,,,,,,,,,,,,,,,
,35.4,38.27132608,,,,,,,,,,,,,,,,,
,35.4,8.211155862,,,,,,,,,,,,,,,,,
,35.5,54.52704044,,,,,,,,,,,,,,,,,
,35.5,38.40033968,,,,,,,,,,,,,,,,,
,35.5,8.211155862,,,,,,,,,,,,,,,,,
,35.6,38.40033968,,,,,,,,,,,,,,,,,
,35.7,38.40033968,,,,,,,,,,,,,,,,,
,35.8,38.52935329,,,,,,,,,,,,,,,,,
,35.9,38.52935329,,,,,,,,,,,,,,,,,
,36,38.6583669,,,,,,,,,,,,,,,,,
,36,14.01676814,,,,,,,,,,,,,,,,,
,36.1,38.91639411,,,,,,,,,,,,,,,,,
,36.1,14.01676814,,,,,,,,,,,,,,,,,
,36.2,38.91639411,,,,,,,,,,,,,,,,,
,36.2,14.27479535,,,,,,,,,,,,,,,,,
,36.3,39.30343493,,,,,,,,,,,,,,,,,
,36.3,14.27479535,,,,,,,,,,,,,,,,,
,36.4,55.17210847,,,,,,,,,,,,,,,,,
,36.4,39.56146214,,,,,,,,,,,,,,,,,
,36.4,14.27479535,,,,,,,,,,,,,,,,,
,36.5,55.17210847,,,,,,,,,,,,,,,,,
,36.5,39.81948935,,,,,,,,,,,,,,,,,
,36.5,14.53282256,,,,,,,,,,,,,,,,,
,36.6,55.30112208,,,,,,,,,,,,,,,,,
,36.6,39.81948935,,,,,,,,,,,,,,,,,
,36.6,14.53282256,,,,,,,,,,,,,,,,,
,36.7,55.55914929,,,,,,,,,,,,,,,,,
,36.7,39.94850296,,,,,,,,,,,,,,,,,
,36.8,55.55914929,,,,,,,,,,,,,,,,,
,36.8,40.20653017,,,,,,,,,,,,,,,,,
,36.9,55.6881629,,,,,,,,,,,,,,,,,
,36.9,40.20653017,,,,,,,,,,,,,,,,,
,37,55.94619011,,,,,,,,,,,,,,,,,
,37,40.72258459,,,,,,,,,,,,,,,,,
,37.1,40.98061181,,,,,,,,,,,,,,,,,
,37.2,41.23863902,,,,,,,,,,,,,,,,,
,37.3,41.23863902,,,,,,,,,,,,,,,,,
,37.4,41.49666623,,,,,,,,,,,,,,,,,
,37.5,42.14173426,,,,,,,,,,,,,,,,,
,37.6,57.8813942,,,,,,,,,,,,,,,,,
,37.6,42.14173426,,,,,,,,,,,,,,,,,
,37.6,15.17789059,,,,,,,,,,,,,,,,,
,37.7,58.01040781,,,,,,,,,,,,,,,,,
,37.7,42.52877508,,,,,,,,,,,,,,,,,
,37.7,15.17789059,,,,,,,,,,,,,,,,,
,37.8,58.01040781,,,,,,,,,,,,,,,,,
,37.8,43.0448295,,,,,,,,,,,,,,,,,
,37.8,15.17789059,,,,,,,,,,,,,,,,,
,37.9,58.26843502,,,,,,,,,,,,,,,,,
,37.9,43.0448295,,,,,,,,,,,,,,,,,
,37.9,15.3069042,,,,,,,,,,,,,,,,,
,38,58.52646223,,,,,,,,,,,,,,,,,
,38,43.43187032,,,,,,,,,,,,,,,,,
,38,15.4359178,,,,,,,,,,,,,,,,,
,38.1,58.65547584,,,,,,,,,,,,,,,,,
,38.1,43.81891114,,,,,,,,,,,,,,,,,
,38.1,15.4359178,,,,,,,,,,,,,,,,,
,38.2,58.65547584,,,,,,,,,,,,,,,,,
,38.2,44.59299278,,,,,,,,,,,,,,,,,
,38.2,15.56493141,,,,,,,,,,,,,,,,,
,38.3,44.59299278,,,,,,,,,,,,,,,,,
,38.3,15.82295862,,,,,,,,,,,,,,,,,
,38.4,44.98003359,,,,,,,,,,,,,,,,,
,38.5,45.49608802,,,,,,,,,,,,,,,,,
,38.6,45.49608802,,,,,,,,,,,,,,,,,
,38.7,60.97772075,,,,,,,,,,,,,,,,,
,38.7,46.01214244,,,,,,,,,,,,,,,,,
,38.8,61.23574796,,,,,,,,,,,,,,,,,
,38.8,46.52819687,,,,,,,,,,,,,,,,,
,38.9,61.23574796,,,,,,,,,,,,,,,,,
,38.9,46.78622408,,,,,,,,,,,,,,,,,
,39,61.75180238,,,,,,,,,,,,,,,,,
,39,47.04425129,,,,,,,,,,,,,,,,,
,39.1,47.81833293,,,,,,,,,,,,,,,,,
,39.2,48.20537375,,,,,,,,,,,,,,,,,
,39.3,48.20537375,,,,,,,,,,,,,,,,,
,39.3,16.85506747,,,,,,,,,,,,,,,,,
,39.4,63.94503369,,,,,,,,,,,,,,,,,
,39.4,48.72142817,,,,,,,,,,,,,,,,,
,39.4,16.98408108,,,,,,,,,,,,,,,,,
,39.5,63.94503369,,,,,,,,,,,,,,,,,
,39.5,49.3664962,,,,,,,,,,,,,,,,,
,39.5,16.98408108,,,,,,,,,,,,,,,,,
,39.6,64.33207451,,,,,,,,,,,,,,,,,
,39.6,49.3664962,,,,,,,,,,,,,,,,,
,39.6,17.11309468,,,,,,,,,,,,,,,,,
,39.7,64.59010172,,,,,,,,,,,,,,,,,
,39.7,49.62452341,,,,,,,,,,,,,,,,,
,39.7,17.37112189,,,,,,,,,,,,,,,,,
,39.8,64.84812893,,,,,,,,,,,,,,,,,
,39.8,50.26959144,,,,,,,,,,,,,,,,,
,39.8,17.37112189,,,,,,,,,,,,,,,,,
,39.9,64.84812893,,,,,,,,,,,,,,,,,
,39.9,50.91465947,,,,,,,,,,,,,,,,,
,39.9,17.62914911,,,,,,,,,,,,,,,,,
,40,50.91465947,,,,,,,,,,,,,,,,,
,40,17.75816271,,,,,,,,,,,,,,,,,
,40.1,67.29938745,,,,,,,,,,,,,,,,,
,40.1,51.68874111,,,,,,,,,,,,,,,,,
,40.1,18.01618992,,,,,,,,,,,,,,,,,
,40.2,67.29938745,,,,,,,,,,,,,,,,,
,40.2,52.20479553,,,,,,,,,,,,,,,,,
,40.2,18.01618992,,,,,,,,,,,,,,,,,
,40.3,67.42840105,,,,,,,,,,,,,,,,,
,40.3,52.20479553,,,,,,,,,,,,,,,,,
,40.3,18.14520353,,,,,,,,,,,,,,,,,
,40.4,67.68642826,,,,,,,,,,,,,,,,,
,40.4,52.46282275,,,,,,,,,,,,,,,,,
,40.4,10.01734635,,,,,,,,,,,,,,,,,
,40.5,67.68642826,,,,,,,,,,,,,,,,,
,40.5,52.72084996,,,,,,,,,,,,,,,,,
,40.5,10.01734635,,,,,,,,,,,,,,,,,
,40.6,68.07346908,,,,,,,,,,,,,,,,,
,40.6,52.72084996,,,,,,,,,,,,,,,,,
,40.6,10.01734635,,,,,,,,,,,,,,,,,
,40.7,52.33380914,,,,,,,,,,,,,,,,,
,40.7,18.01618992,,,,,,,,,,,,,,,,,
,40.7,9.888332741,,,,,,,,,,,,,,,,,
,40.8,66.00925139,,,,,,,,,,,,,,,,,
,40.8,51.4307139,,,,,,,,,,,,,,,,,
,40.8,9.759319135,,,,,,,,,,,,,,,,,
,40.9,66.00925139,,,,,,,,,,,,,,,,,
,40.9,50.78564587,,,,,,,,,,,,,,,,,
,40.9,9.759319135,,,,,,,,,,,,,,,,,
,41,66.00925139,,,,,,,,,,,,,,,,,
,41,50.78564587,,,,,,,,,,,,,,,,,
,41,9.630305529,,,,,,,,,,,,,,,,,
,41.1,65.62221057,,,,,,,,,,,,,,,,,
,41.1,49.75353702,,,,,,,,,,,,,,,,,
,41.1,16.98408108,,,,,,,,,,,,,,,,,
,41.2,64.07404729,,,,,,,,,,,,,,,,,
,41.2,48.20537375,,,,,,,,,,,,,,,,,
,41.2,16.98408108,,,,,,,,,,,,,,,,,
,41.3,62.78391123,,,,,,,,,,,,,,,,,
,41.3,47.43129211,,,,,,,,,,,,,,,,,
,41.3,16.72605386,,,,,,,,,,,,,,,,,
,41.4,62.65489763,,,,,,,,,,,,,,,,,
,41.4,46.78622408,,,,,,,,,,,,,,,,,
,41.4,16.46802665,,,,,,,,,,,,,,,,,
,41.5,45.36707441,,,,,,,,,,,,,,,,,
,41.5,16.33901304,,,,,,,,,,,,,,,,,
,41.6,44.85101999,,,,,,,,,,,,,,,,,
,41.6,16.33901304,,,,,,,,,,,,,,,,,
,41.7,44.85101999,,,,,,,,,,,,,,,,,
,41.7,15.82295862,,,,,,,,,,,,,,,,,
,41.8,59.42955748,,,,,,,,,,,,,,,,,
,41.8,43.56088393,,,,,,,,,,,,,,,,,
,41.9,58.91350305,,,,,,,,,,,,,,,,,
,41.9,42.14173426,,,,,,,,,,,,,,,,,
,42,58.91350305,,,,,,,,,,,,,,,,,
,42,41.36765262,,,,,,,,,,,,,,,,,
,42.1,41.36765262,,,,,,,,,,,,,,,,,
,42.2,40.8515982,,,,,,,,,,,,,,,,,
,42.3,40.33554378,,,,,,,,,,,,,,,,,
,42.4,56.46224454,,,,,,,,,,,,,,,,,
,42.4,40.07751656,,,,,,,,,,,,,,,,,
,42.5,56.07520372,,,,,,,,,,,,,,,,,
,42.5,39.81948935,,,,,,,,,,,,,,,,,
,42.6,55.8171765,,,,,,,,,,,,,,,,,
,42.6,39.30343493,,,,,,,,,,,,,,,,,
,42.6,14.53282256,,,,,,,,,,,,,,,,,
,42.7,55.8171765,,,,,,,,,,,,,,,,,
,42.7,39.04540771,,,,,,,,,,,,,,,,,
,42.7,14.53282256,,,,,,,,,,,,,,,,,
,42.8,39.04540771,,,,,,,,,,,,,,,,,
,42.8,14.53282256,,,,,,,,,,,,,,,,,
,42.9,38.91639411,,,,,,,,,,,,,,,,,
,43,38.52935329,,,,,,,,,,,,,,,,,
,43.1,38.52935329,,,,,,,,,,,,,,,,,
,43.2,38.40033968,,,,,,,,,,,,,,,,,
,43.3,38.40033968,,,,,,,,,,,,,,,,,
,43.4,38.14231247,,,,,,,,,,,,,,,,,
,43.5,38.14231247,,,,,,,,,,,,,,,,,
,43.5,14.14578174,,,,,,,,,,,,,,,,,
,43.6,38.40033968,,,,,,,,,,,,,,,,,
,43.6,14.27479535,,,,,,,,,,,,,,,,,
,43.7,38.40033968,,,,,,,,,,,,,,,,,
,43.7,14.27479535,,,,,,,,,,,,,,,,,
,43.8,54.52704044,,,,,,,,,,,,,,,,,
,43.8,38.40033968,,,,,,,,,,,,,,,,,
,43.9,54.52704044,,,,,,,,,,,,,,,,,
,43.9,38.6583669,,,,,,,,,,,,,,,,,
,44,54.52704044,,,,,,,,,,,,,,,,,
,44,38.91639411,,,,,,,,,,,,,,,,,
,44.1,54.52704044,,,,,,,,,,,,,,,,,
,44.1,39.04540771,,,,,,,,,,,,,,,,,
,44.2,54.78506766,,,,,,,,,,,,,,,,,
,44.2,39.04540771,,,,,,,,,,,,,,,,,
,44.3,54.91408126,,,,,,,,,,,,,,,,,
,44.3,39.30343493,,,,,,,,,,,,,,,,,
,44.4,54.91408126,,,,,,,,,,,,,,,,,
,44.4,39.56146214,,,,,,,,,,,,,,,,,
,44.5,39.56146214,,,,,,,,,,,,,,,,,
,44.6,39.81948935,,,,,,,,,,,,,,,,,
,44.6,14.66183617,,,,,,,,,,,,,,,,,
,44.7,40.07751656,,,,,,,,,,,,,,,,,
,44.7,14.66183617,,,,,,,,,,,,,,,,,
,44.8,40.46455738,,,,,,,,,,,,,,,,,
,44.8,14.66183617,,,,,,,,,,,,,,,,,
,44.9,40.46455738,,,,,,,,,,,,,,,,,
,44.9,14.66183617,,,,,,,,,,,,,,,,,
,45,56.59125814,,,,,,,,,,,,,,,,,
,45,40.8515982,,,,,,,,,,,,,,,,,
,45,14.66183617,,,,,,,,,,,,,,,,,
,45.1,56.59125814,,,,,,,,,,,,,,,,,
,45.1,41.23863902,,,,,,,,,,,,,,,,,
,45.1,14.66183617,,,,,,,,,,,,,,,,,
,45.2,56.59125814,,,,,,,,,,,,,,,,,
,45.2,41.23863902,,,,,,,,,,,,,,,,,
,45.2,14.79084977,,,,,,,,,,,,,,,,,
,45.3,56.84928535,,,,,,,,,,,,,,,,,
,45.3,41.49666623,,,,,,,,,,,,,,,,,
,45.3,14.79084977,,,,,,,,,,,,,,,,,
,45.4,56.84928535,,,,,,,,,,,,,,,,,
,45.4,41.75469344,,,,,,,,,,,,,,,,,
,45.4,14.79084977,,,,,,,,,,,,,,,,,
,45.5,57.10731257,,,,,,,,,,,,,,,,,
,45.5,41.75469344,,,,,,,,,,,,,,,,,
,45.5,15.17789059,,,,,,,,,,,,,,,,,
,45.6,57.36533978,,,,,,,,,,,,,,,,,
,45.6,42.39976147,,,,,,,,,,,,,,,,,
,45.7,42.78680229,,,,,,,,,,,,,,,,,
,45.8,43.0448295,,,,,,,,,,,,,,,,,
,45.9,43.0448295,,,,,,,,,,,,,,,,,
,46,43.68989753,,,,,,,,,,,,,,,,,
,46.1,44.07693835,,,,,,,,,,,,,,,,,
,46.2,59.42955748,,,,,,,,,,,,,,,,,
,46.2,44.07693835,,,,,,,,,,,,,,,,,
,46.3,59.81659829,,,,,,,,,,,,,,,,,
,46.3,44.85101999,,,,,,,,,,,,,,,,,
,46.4,60.07462551,,,,,,,,,,,,,,,,,
,46.4,45.23806081,,,,,,,,,,,,,,,,,
,46.5,60.07462551,,,,,,,,,,,,,,,,,
,46.5,45.49608802,,,,,,,,,,,,,,,,,
,46.5,15.95197223,,,,,,,,,,,,,,,,,
,46.6,60.20363911,,,,,,,,,,,,,,,,,
,46.6,45.62510162,,,,,,,,,,,,,,,,,
,46.6,16.08098583,,,,,,,,,,,,,,,,,
,46.7,46.01214244,,,,,,,,,,,,,,,,,
,46.7,16.08098583,,,,,,,,,,,,,,,,,
,46.8,46.65721047,,,,,,,,,,,,,,,,,
,46.8,16.20999944,,,,,,,,,,,,,,,,,
,46.9,46.65721047,,,,,,,,,,,,,,,,,
,46.9,16.33901304,,,,,,,,,,,,,,,,,
,47,47.04425129,,,,,,,,,,,,,,,,,
,47,16.59704026,,,,,,,,,,,,,,,,,
,47.1,47.68931932,,,,,,,,,,,,,,,,,
,47.1,16.59704026,,,,,,,,,,,,,,,,,
,47.2,62.52588402,,,,,,,,,,,,,,,,,
,47.2,47.68931932,,,,,,,,,,,,,,,,,
,47.2,16.59704026,,,,,,,,,,,,,,,,,
,47.3,62.91292484,,,,,,,,,,,,,,,,,
,47.3,48.33438735,,,,,,,,,,,,,,,,,
,47.3,16.85506747,,,,,,,,,,,,,,,,,
,47.4,63.29996566,,,,,,,,,,,,,,,,,
,47.4,48.97945538,,,,,,,,,,,,,,,,,
,47.5,63.29996566,,,,,,,,,,,,,,,,,
,47.5,49.62452341,,,,,,,,,,,,,,,,,
,47.6,49.62452341,,,,,,,,,,,,,,,,,
,47.7,49.88255063,,,,,,,,,,,,,,,,,
,47.8,50.52761866,,,,,,,,,,,,,,,,,
,47.9,65.75122417,,,,,,,,,,,,,,,,,
,47.9,50.52761866,,,,,,,,,,,,,,,,,
,47.9,9.759319135,,,,,,,,,,,,,,,,,
